,ID,Year,First Name,Middle Name,Last Name,party,Level,Position,state,race_ethnicity,state_name,ideology,leadership,district,Full Name,Link,candidate_user_name,pol_party,tweet,count
0,198986k,2022,Marsha,,Blackburn,Republican,Congress,U.S. Senator,TN,White,Tennessee,1.0,0.4953823915733168,0.0,Marsha Blackburn,https://twitter.com/MarshaBlackburnÂ ,MarshaBlackburn,Republican,"people like you who allow employers to force employees to sign ""GOP loyalty pledges"" so we can't make our own choices off the clock. I've been unemployed since 11/2016 because I was told this is ""Trump's America now."" You soulless bitch!Why are you such a whiny bitch? If youâ€™re not trying to get someone fired youâ€™re complaining about something else. Why canâ€™t you just STFU?This is a perfect example of a Whiny Little Bitch! #VoteHerOut!so you think it is your job and fun for you to try to get people fired from job! You work for US in case you forgot! Canâ€™t wait til your term expires and we fire you. BTW, you canâ€™t get me fired. iâ€™m retired, you nasty bitch. Home Ec? ğŸ˜‚ğŸ˜‚ğŸ˜‚ğŸ˜‚ğŸ˜‚ğŸ˜‚Blackburn is a self righteous old bitch!Marsha, Marsha, is a #snowflake who can take no criticism, though she throws out plenty. #ShoudBeFiredNext Go on and try to get me fired, bitch. #idareyouwhining about someone saying unkind things about her....what a nasty ğŸ’© she is. Hereâ€™s a thot, Marsha: look in the mirror &amp; wonder why someone might be unkind to you.... own the fact that youâ€™re a lousy, corrupt criminal. Thereâ€™s a reason folks donâ€™t like you.you are one of the nastiest, ignorant bitches in the senate.What a cuntThe entire Republican Party has become a bunch of whiny ass bitches. Hey ""fuck your feelings.""Hey youâ€™re a cunt.is almost as big of a whiny little bitch asThereâ€™s a reason, you vacuous bitch.No, this is the part where all of us tell you to go fuck yourself you immature ignorant snowflake bitch. Donâ€™t you understand that theyâ€™re doing this now because of POTUS Trump, and after heâ€™s gone they will do it to you and the Left, and whoever they want. Do you want that? ğŸ¤”What a fucking rotten bitch is!Seriously FFFF UUUU you pathetic, whiny, entitled, self-absorbed bitch. Thatâ€™s a term I donâ€™t use lightly but sister, you have earned it. JFC if everyone who says something unkind about you is fired you need to stop sucking or the unemployment rate will explode.Because Trump is an disgraceful, lying bitch like you.Marsha should worry about the â€˜unkindâ€™ policies she votes for that literally make peopleâ€™s lives harder and worse. Fuck Marsha. Call my employer. Theyâ€™ll tell you youâ€™re a dusty bitch. Get off the public payroll, useless freeloader. Entitled White WomenğŸ™„ğŸ–•ğŸ¼you are a cuntShut up you stupid lying toddler bitch! Youâ€™re only angry because they call out your president for constantly lying.Spoken like the true little bitch that you are.Women like you are the scum of the earth. How dare you parade around like you did ANY of the work to get us to where we are today, while on your knees for these men who would strip us of everything we have fought for? You're disgusting and should be ashamed.Qualified? The bitch hasnâ€™t even argued a case before the Supreme Court. Sheâ€™s barely been in a quart room at all. Very unqualified. But we wonâ€™t have to deal with her long because she will be in peach next year. #PackTheCourtNot the point and you know it. This shameful act of hypocrisy &amp; politicizing the Supreme Court will not be forgotten...paybacks a bitch and revenge is a dish best served cold.You reap what you sow!! Karmaâ€™s a bitchYou're a fucking cuntYes remember when Obama was President and he wasnâ€™t allowed to confirm any. You shouldnâ€™t be proud, you should be ashamed. Why do you continue to divide this country. Work together and stop being a bitchYou do not get to lecture anyone on anything Unless you are giving a Ted talk on being a Feckless Cunt. Otherwise... STFU and STFD.This bitch has what...2 years under her belt? Fuck offNow do the rationalization for NO MERRICK GARLAND vs. YES JUDGE HANDMAID. You're all a bunch of hypocritical sociopaths. Especially YOU, you horse-faced bitch. #VoteBidenHarris2020Yep and I canâ€™t wait!! Now go fuck off you hateful two faced bitch!!",31
1,200084k,2022,Shelley,Moore,Capito,Republican,Congress,U.S. Senator,WV,White,West Virginia,0.7551780905627227,0.3274673031584897,0.0,Shelley Moore Capito,https://twitter.com/SenCapitoÂ ,SenCapito,Republican,Iâ€™ll never forgive for this. I will go to my deathbed working against this corrupt bitch.,1
2,165234k,2022,Susan,,Collins,Republican,Congress,U.S. Senator,ME,White,Maine,0.6088764794766894,0.7518380514260852,0.0,Susan Collins,https://twitter.com/SenatorCollinsÂ ,SenatorCollins,Republican,"Of course this old white boomer bitch doesnâ€™t believe itâ€™s a problemJust a reminder for #Mainers: voted to cripple the US Post Office. She voted against impeaching the Traitor-in-Chief. She voted to put a rapist in the Supreme Court. She doesn't, and never has, stood up for Maine, or any principled action. Vote the bitch out.",2
3,264841k,2022,Tammy,,Duckworth,Democrat,Congress,U.S. Senator,IL,Asian American/Pacific Islander,Illinois,0.2671354845754197,0.4915577135936861,0.0,Tammy Duckworth,https://twitter.com/SenDuckworthÂ ,SenDuckworth,Democrat,"Itâ€™s not the uterus of the slut we are concerned with, the problem is the murder of the innocent baby created by the drunken party slut and the rando guy she met in the bar that night. Itâ€™s an issue that concerns everyone.yes. oh yes. 30 years of Dems being pussies is OVER. We must do what they alwsys do. Shove it down their throats. Our entire progressive agenda.",2
4,328986k,2022,Joni,,Ernst,Republican,Congress,U.S. Senator,IA,White,Iowa,0.9231190241813788,0.5182800426072763,0.0,Joni Ernst,https://twitter.com/SenJoniErnstÂ ,SenJoniErnst,Republican,"Oligarchy, government by the few, especially despotic power exercised by a small and privileged group for corrupt or selfish purposes. Oligarchies in which members of the ruling group are wealthy or exercise their power through their wealth are known as plutocracies.",1
5,165201k,2022,Dianne,,Feinstein,Democrat,Congress,U.S. Senator,CA,White,California,0.2418478363712515,0.631169585543912,0.0,Dianne Feinstein,https://twitter.com/SenFeinsteinÂ ,SenFeinstein,Democrat,"Diane Feinstein Iâ€™m an American black woman of 70 yrs. I salute Graham, McConnell and my President for pro life Amy Comey Barrett. I want a Constitutional Judge who is NOT an activist like the ladies currently on the court including RBGYou voted against her because youâ€™re nothing but a partisan hack and are owned. Itâ€™s disgusting that a woman like you would cave to the mob you belong to. Heck of a moment for a weak womenâ€™s movement.",2
6,248294k,2022,Mazie,K.,Hirono,Democrat,Congress,U.S. Senator,HI,Asian American/Pacific Islander,Hawaii,0.1244823683400343,0.4428907570450947,0.0,Mazie K. Hirono,https://twitter.com/maziehironoÂ ,maziehirono,Democrat,"You are a classless bitch!!!! Baby killing, anti- American, God hating, lying hypocrite, with one foot in hell!You are a disgusting bitchwhat a classy bitch!That's because you're a stupid bitch... I'm sure no one asked you if you if you used see to advance your career. Not enough money in the world to blow a load in you#AmyConeyBarrettSCOTUS Was nothing but nice to the Hawaiian bitch even after she had the audacity to ask her if she's ever been sexually inappropriate with anyone. Like, who does that? is trailer trash.How fucking old are you? I have never seen such a rude, miserable women as you! You are such a bitch! Grow up! We could give a crap if you donâ€™t support her! Go awayyou racist cunt! â€œHell noâ€, why? Because sheâ€™s white?You are one ignorant crazy bitch!! How and the hell was someone like you, an intolerant imbecile ever elected to any public office let alone the United States Senate. I am embarrassed for your constituents, you are shamedMaybe, just maybe, since Hawaii is otherwise a seeming paradise, the other Hawaiians were all like ""Fuck, this bitch is stupid and it's bringing us down. Let's just ship her ass off to DC. We'll tell her it's a honor.""â€œHell noâ€??? You stupid phucking bitch!!!!!! #nastydemocrats",10
7,192554k,2022,Lisa,,Murkowski,Republican,Congress,U.S. Senator,AK,White,Alaska,0.5683381964512569,0.6235000346985762,0.0,Lisa Murkowski,https://twitter.com/lisamurkowskiÂ ,lisamurkowski,Republican,"She does. She is a cold hearted bitch and i plan to work my ass off to replace here #VoteHerOut2022 #ByeLisaYou are one dumb bitch. You have set this country back decades with your vote. How do you face your family and constituents after supporting such a corrupt administration? History will not be kind to you.Yeah Bitches need to get in line bro, canâ€™t have a mind of their own Who do these hoes think they are?You think voting in a wholly unqualified extreme right SCOTUS nominee 9 days before a presidential election is helping heal the Nation? I have NEVER been this angry in my life. Go straight to Hell, you f#@cking cunt.Iâ€™m so confused as to why the think that Americans want originalism shoved down our throats? We ARE not going to take this. Get ready for protests unlike anything youâ€™ve even seen yet. Karma is the greatest bitch of all.",5
8,332335k,2022,Tina,,Smith,Democrat,Congress,U.S. Senator,MN,White,Minnesota,0.2361637770902647,0.4993796587987121,0.0,Tina Smith,https://twitter.com/SenTinaSmithÂ ,SenTinaSmith,Democrat,"And a black man shot ten times by police announced dead at the hospital. He had a knife. Gimme a break. We need police reform in Minnesota. I voted for Jason? Letting you know, Its NOT okay to call women sluts. Since you asked.Steve - How about shedding truth on this guy? He laments not being able to call women ""sluts"" and is a Tr*mp mini-me. We want to keep as our MN U.S. Senator. https://t.co/7EaNUpvhAy",2
9,309189k,2022,Elizabeth,A.,Warren,Democrat,Congress,U.S. Senator,MA,White,Massachusetts,0.2102200370610991,0.6432907832406126,0.0,Elizabeth A. Warren,https://twitter.com/senwarrenÂ ,senwarren,Democrat,"These pathetic MAGAt mouthpiece whores are getting more shrill and whiny as the days pass.I really hate to use the word â€œBITCHâ€... but Iâ€™m at a loss for words when it just comes to this woman... Iâ€™ll be so happy when this ignorant moron of a woman is finally gone... hopefully very soon... sheâ€™s just so... stupid!Women are a YUGE part of the workforce, and I know facts don't matter to but they DO matter to and the #women who work in every profession in this country.Not a Democracy...and being the Racist Criminal that You are, You and your disgusting elected criminals on the Left, all know this and know what We are...here is a refresher course A Constitutional Republic...the place where a Racist White Woman can steal from Native Americiansyou're a whiny bitch",5
10,724132k,2022,Lauren,,Boebert,Republican,Congress,U.S. Representative,CO,White,Colorado,,,3.0,Lauren Boebert,https://twitter.com/laurenboebertÂ ,laurenboebert,Republican,"This bitch wouldnâ€™t wear Macyâ€™s clothes either if she was on the cover of Vanity Fair. Her problem is Vanity Fair doesnâ€™t even know her.Youâ€™re a fucking nasty bitch Like a true Republican, talking shit &amp; knowing nothing. Itâ€™s Vanity Fair not Vogue. Itâ€™s a photo shoot. She doesnâ€™t take the clothes home. But youâ€™d probably steal them. Wait, youâ€™ll never get a VF shoot. They only shoot classy peopleOnly a dumb bitch like you would say some shit like this to a beautiful women like AOC, your nowhere near her LEVEL grow tf up mama what are you 50 ? And she acts more mature than you ? What a samecause sheâ€™s on the cover of a popular magazine, u want her to pull up in musty ass macyâ€™s from across the street with cum stains. She can pull up in 14k fits cause she a boss bitch. getcha bread up LYou're a moron, you don't keep the clothes idiot. Designers usually provide for the exposure. But keep trying to be a petty bitch because there isn't anything bad you can actually say. ğŸ™„",5
11,196515k,2022,Virginia,A.,Foxx,Republican,Congress,U.S. Representative,NC,White,North Carolina,0.5490054893168587,0.4643021179555842,5.0,Virginia A. Foxx,https://twitter.com/virginiafoxxÂ ,virginiafoxx,Republican,Who is this bitch ?,1
12,499054k,2022,Pramila,,Jayapal,Democrat,Congress,U.S. Representative,WA,Asian American/Pacific Islander,Washington,0.0746512360537982,0.8428870459054383,7.0,Pramila Jayapal,https://twitter.com/RepJayapalÂ ,RepJayapal,Democrat,"Womenâ€™s wages are identical, just because they earn less doesnâ€™t mean theyâ€™re paid less wages.",1
13,466143k,2022,Nancy,,Mace,Republican,Congress,U.S. Representative,SC,White,South Carolina,,,1.0,Nancy Mace,https://twitter.com/NancyMaceÂ ,NancyMace,Democrat,You are Putinâ€™s bitch,1
14,199779k,2022,Cathy,,McMorris Rodgers,Republican,Congress,U.S. Representative,WA,White,Washington,,,5.0,Cathy McMorris Rodgers,https://twitter.com/cathymcmorrisÂ ,cathymcmorris,Republican,It's officially the new Religious Handmaiden Bitch in town. This is why no one likes CMR anymore. She's a RHB likes ACB.,1
15,624858k,2022,Alexandria,,Ocasio-Cortez,Democrat,Congress,U.S. Representative,NY,Latina,New York,0.0875001042786098,0.4781411801886578,14.0,Alexandria Ocasio-Cortez,https://twitter.com/repaoc?lang=enÂ ,repaoc,Democrat,"Not curse in public ... since when? Please refer to the Congressional Record. ---- To quote from the Congressional Record, Vol. 166, No. 130, H3703. July 23, 2020. 'A Fucking Bitch'.You ignorant cunt. If you are here illegally then you have zero fucking rights. The only rights they have is the right to be deported or tge right to enter our country legally",2
16,624858k,2022,Alexandria,,Ocasio-Cortez,Democrat,Congress,U.S. Representative,NY,Latina,New York,0.0875001042786098,0.4781411801886578,14.0,Alexandria Ocasio-Cortez,https://twitter.com/AOCÂ ,AOC,Democrat,"Cortez is not a 'strong woman'...She's a shrill emoting leftist who believes in ham handed government. She thinks YOU are too stupid to function with her involvement in your life. If one accepts absolute security in place of freedom, they will get neitherWhat she meant was â€œ this bitch â€œLET AOC SAY ""this bitch""!!!!!!!This bitch is a clown !!!""Self proclaimed economist"" maybe go to SCHOOL and get a DEGREE or some ACTUAL BACKGROUND and I'll take your rant seriously. Until then you're just some bitch with too much time and too much passion in picking and choosing who to support and that's thatYea, my dad was murdered and I didnâ€™t get to say goodbye. I donâ€™t exactly see how if I was there as he died I would have much more closure. The bitch ended up killing herself right after so I didnâ€™t get any retribution either. So not sure I understand the closure premise.The woman is an arrogant twit, a corrupt liar a thief and a traitor to this country. If Pelosi had punished her for all the illegal things she has done since sheâ€™s been in office she would be working as a bartender again.You misread an article, act like a cunt, then broadcast it to the entire world. You are a tithead.Unless she specifically told you so, there is no reason whatsoever to say that she meant 'this bitch', just the same as 'this guy' does not imply 'this asshole'... and I've heard that a million times.I live in Maine. I was 19 (Iâ€™m 72) when I saw my first black in person (in Boston). We have few minorities here and they are quickly assimilated and welcomed So on that point she is correct. Itâ€™s the rest of the country Iâ€™m concerned about. I voted this bitch out.Socialist cuntDude.... youâ€™re a straight up cunt.To you, a pervert, every woman has lust in their eyes. It's how you dehumanize them, put them in 'their place'. You just can't stand the thought of powerful women, especially women of color. What a pitiful creature.You are the dumbest bitch in our governmentYou should go find the best mental health care available you're a psychopath Crazy Bitch you will run our country right into the ground hopefully it's not too late and people realize thatWeird then that no progressives,and no one struggling in their daily lives, is complaining. The only whiny bitches I see are you lunatics on Twitter...Lindsay is a pathetic, whiny little Trump bitch.Trump why do you hate minorities? Is it because they are poor? Why do you hate Illegals? You shouldn't hate any minority because that's racist! As alexandria and her Dem friends make fun of melania for marrying a rich man who also became the President. You stupid bitch.Listen here you dumb cunt: That 'motherfucker' has done and given more in 4 years than any of you looney leftist liberals.Jesus protected the children. Harm one like these and better a millstone around your neck and thrown in the Sea, and if you research that millstone it was 1000's of pounds. Abortion and killing the unborn is a Socialist/ Democrat platform.The reason: youâ€™re a spineless cunt !?!She sure is a whiny ass bitchFuck that coward Scared little bitch that went back on his word. You are despicable and deserve the worse that life has to offer!!The US deserves so much more. This guy...thumbs down ... to Hell. Did I say that out loud? Why, Yes I Did. Lindsey Graham is a butt kissing bitch for tRump. He does nothing for America. He does nothing for the good...the bad..., heâ€™s a slug.Spineless little bitch is what you are !Youâ€™re all a bunch of whoresSheâ€™s a model thatâ€™s what models do... Melania isnâ€™t some politician who pushes for communism then gets on the cover of a magazine as a billboard for a capitalist clothing brand only made for the super rich.you clearly donâ€™t understand the words smarter or accomplished if you donâ€™t recognize AOC as that. also, if you have such little respect for bartenders then donâ€™t ever go to a bar again, bitch.See I know I need to respect my elders but you're just a bitter dumb cunt so get the fuck out of my mentionsit's a fucked up and bad idea if these two cunts have anything to do with itYour party isn't doing shit. Just playing politics like all of congress, D and R. So quit being a whiny bitch and do something positive that isn't communistic.I remember I was in high school with this girl and I was walking down the hallway and this bitch called a fucking cracker , amd told her not to look at her ever again and her friends kept calling me cracker the whole senior year.I didnt tho. However as I see it the richest woman on earth became rich because she divorced the CEO of amazon... But no. I am all for earning money, however people like pokimane and onlyfans whores exploit weak men for money. It is an immoral profit schemeYou have to keep those clothes, fit well and look gorgeous ğŸ¥°ğŸ‘–ğŸ‘—ğŸ‘ and to all the other jealous bitches who have comments, gfy or do something with your body and especially your brain instead of showing envyğŸ–•Churchill was a cuntAlso is the baddest bitch in politics right now and I Stan her for itDo people still care about this bitch?What is a ""hater bitch""???is a dumb ugly looking mean bitch!You should try being normal. Acting like a smart ass does not become you. You come off as an ignorant cunt.Why should my tax dollars pay for somebody else to go to college. when my family and everybody before them had to work two jobs plus the parents help pay for them to go to college. youâ€™re nothing but a foul mouth stupid little bitch.Yes. Of course. If you disagree with my radical progressive political views, it is because you are racist. I attribute it more, actually, to you being a stupid and petulant bitch.Donâ€™t be a hater bitch!.Good to see an Congress women ho CARE about the american pepole and want there life to be better! Stay strong and stay figthing for them! Go social democracyCome on Joe. You know AOC made thousands of dollars on tips bartending right? Lol. Sheâ€™s spending money because that crazy bitch thinks the world is ending in about 10 years. She needs professional help along with many other pathetic liberals.Thatâ€™s al plastic surgery. Sheâ€™s a X model and a escort slut. Uneducated gold digger. Iâ€™m guessing her only talent is sucking you know what. AOC is a highly educated smart congress woman. She will be your president one glorious day ğŸ˜ https://t.co/smqkKxQg8aTwitter is such a comedy. Look at this dumb bitch thinking owns those clothes. ğŸ˜‚ Anyway, #BidenHarris2020When youâ€™re a boss ass bitch, you can do anything ğŸ’šJesus youâ€™re a dumb bitch, you donâ€™t even know the definition of socialism without searching it upAnd your a whiny bitch.VANITY FAIR TAKES THE CLOTHES BACK AFTER A SHOOT! The way WE THE PEOPLE ARE TAKING BACK THE WHITE HOUSE AND OUR GOVERNMENT NOV 3rd. Hydrate you thirsty racist bitches. âœŒğŸ½Yessss, smile so youâ€™re approachable and make men feel comfortable but not too much or youâ€™re dumb and slutty. Also, be blonde. Men like blondes. But also donâ€™t be blonde because theyâ€™re slutty airheads. https://t.co/pL8UvSuJiABidens not such a raging pussy bitch that he has to endanger people by crowding them together. He's an actual grown up you know?Thatâ€™s all you and your crazy party have to talk about. If you are against us you are a racist. You have no idea what you and your crazy party are trying to do to this great nation. Quit and go back to being a waitressThis dumb bitch must be drunk again. The Democrats are the ones the blocked the vote.How any American could vote for that woman is beyond me. Everything she stands for is repulsive, particularly her radical socialism. I didnâ€™t know she was an anti-Semite...despicable.GOP just can't wrap their heads around an attractive, young, liberal, brown woman being more popular than their Puritan-age policies. is a fucking rockstar, and she ain't about to quit.Ingraham is a petty, jealous bitch.Yeh, a lot of people hurting right now, but your 80-year old Czar Pelosi has held back all bills to help the people. YOUR party's leader, bitch. Try telling the truth for just one day -- it really won't hurt.gets her clothes provided for free being on TV. She knew attacking re: her clothes was wrong. Women want equality but THESE women want to tear each other down. They perpetuate &amp; elevate white men in the #GOP they are an embarrassment to their own gender!Girl-Power, right? You fool no one with your Little Squad of â€œempowerment womenâ€ - Ha! Youâ€™ll fight only for anyone who can be bought by your socialist, pie-in-the-sky policies and against anyone who stands for American FREEDOM. Itâ€™s sad that youâ€™re so unhappy in the USA ğŸ‡ºğŸ‡¸You look like you need to eat a hamburger. You don't look your best every day, you look like a patchouli smelling bum.......but people deserve to smell a rat approaching. Women like you are NOT what ANYONE finds attractive. Inside OR ESPECIALLY OUT.What a dumb cuntWell VF sure went to hell. You can wrap a pig in silk but you still have just a pig. Yoho was right. You are a fucking bitch. LOLPeople, not just republicans are mad because you're that hot booty call that's embarrassing around our friends. You're like Jessica Simpson wanting to know if Chicken of the Sea is fish or chicken. Seriously! Any aheago thot girl could take your district.That fact that you're Latina and made it on a magazine and she hasn't, has her undies in a knot. She's but a hating racist bitch, who wants to get noticed by Trump. ğŸ˜‚ğŸ˜‚ You look beautiful, ignore the envy.I EFFING LOVE YOU! TELL THOSE BITCHES WHATS GOOOD! KEEP DOING YOU! ğŸ’• https://t.co/oJQGPhQULODonâ€™t be such a salty, frigid bitch because youâ€™ll never have the same opportunity as to grace a cover of an international fashion magazine ğŸ˜‚Just shut up already! Your a socialist communist bitch!â€œTake my money, you dirty slut.â€ Is what I usually say here. Out loud. (I installed sound proofing). â€œOh, no,â€ says, â€œthatâ€™s not going to be enough. Not at all. Iâ€™m gonna drain your balls for every last drop.â€ https://t.co/Ve8zYOauaXGod, I wish I could buy this bitch for what she's worth, and sell her for what she thinks she's worth.Youâ€™re a socialist bitch in the same Democrat Party that fought to keep slaves in the Civil War, founded the KKK, murdered/terrorized free blacks, supported segregation/Jim Crow laws, plays race politics... and you call us racist? Skeletons in the closet, loser ğŸ¤¡ https://t.co/VqVHE91SZdCan you show me something you've written that critiques a males attire. Maybe the Obama Beige suit scandal, that was major issue for Fox. You wish you had 1/100th of the class/ intellect she has. Instead of being a petty bitch, cover questioning Big Pharma/Facebook/Big BanksFirst off, yes she can afford it because she makes money by having a job like everyone else. Secondly, thereâ€™s nothing slutty about serving drinks to put food on your table. So shut the fuck up, leave her alone, and go do something worth your pathetic life.I do it all the time, ... You are one absolutely batshit insane bitch who doesn't understand shit about the Tax System in this motherfucking country. Shut the fuck up and maybe you'll learn something one day.Laura is the kind of bitch who always tries to keep/steal the clothes after a shoot.Awww so snarky...heres a pointer - if you want to be respected, act your age and speak as an adult rather than a 10th grader. So sad NYkers actually put an immature, little, commie hussie in DC. They will reap what they sow.She does not work in restaurants anymore. She gets paid from your taxes, how about that!!!? You go to work everyday to make her rich, lol!!! Karma is a bitch, right? Too bad you have no brain to get the job where she got.You a bar cuntWomenâ€™s expensive clothes are a requirement of the job. If their clothes arenâ€™t expensive (or expensive looking) enough theyâ€™re told theyâ€™re unprofessional and not taking it seriously. If theyâ€™re too expensive theyâ€™re out of touch. Thereâ€™s no winning so why donâ€™t we just stop.You are a god damn fool. I have no idea how a dumbass bitch like yourself could ever get a position like you have.Hey AOC go f yourself you hateful corrupt bitch! No one gives two shits what you have to say nor claim esp about one of the greatest Oresidents this country has seen! Youâ€™re going down down you and your sleepy joe blow!You shouldn't have your image that way especially while everyone is suffering. I don't care if you keep the clothes. you look like trash anyway. sellout bitch.Hey, the that worships Chinese socialism. Recently, I wore a set of clothes worth $14,000 on the cover of a fashion magazine. This is the total of 6 weeks of donations from its supporters. The Democratic Party particularly likes hypocritical people, especially bitches. https://t.co/bisOkpiqo0I pray to God you go bankrupt and can't get any help. Seriously. Karma's a bitch and I'm her pimp.Listen you little bitch next time have the BALLS to say that to OUR FACES or SHUT YOUR GLORY HOLE MOUTH!!!!!! If you cant handle consequences, then STOP PRETENDING to be a MAN!!!!!!All the conservative bitches complaining about photo in Vanity Fair don't know how magazines work. Nice show of ignorance but then again the ones complaining look to raunchy, washed up and colorless to appear in the covers of such magazines.Motherfuckahs have the nerve to talk about AOC like she didn't get called a Bitch by her male peer. This women worked her ass off to be where she at and ain't taking Nooooooo shit. Put some respect on her name !!As an Economics major I'm guessing you were required to take a few years of accounting. As such I'm calling you a lying little bitch. You should know what ""prepaid quarterly taxes"" are. Stop acting stupidAnd this CRAZY EYED BITCH claims she has no money!!! https://t.co/gKc2JMjnatThis is ONE BADASS BITCH ! I LOOOOOVE THIS WOMAN RIGHT HERE ! NOTA NAN MOTHERFUCKER BET NOT EVA FUCK WITH HER or we ridin https://t.co/GUehVS97Hois a POS. Iâ€™m looking for food for my family and trying to find work and this bitch is modeling fucking clothes!This bitch has time to sell merch? Using her position to make her self more money? And you support this???? This is exactly why our country is retardedI try not to curse in public but these crazy bitches are making decision and theyâ€™re fucking stupid?You were mad as hell when you said Yoho called you a bitch, but gonna sit there and call the President of The United States a mutherfucker, you hypocritical bitch!! Now I said it go be mad!!You are one ignorant slut.It will be the act of butthurt bitches who were outplayed and an a move shaking a tradition of well over 100 years.Not curse in public ... since when? Please refer to the Congressional Record. ---- To quote from the Congressional Record, Vol. 166, No. 130, H3703. July 23, 2020. 'A Fucking Bitch'.But yâ€™all cool with your president calling people sons of bitches. If theyâ€™re the sons who are the bitches.....â³.....âŒ›ï¸..... MothersLook at this crybaby bitch. Get off your knees and Trumps tiny penis out of your mouth and quit bitching about dumb shit. Fucking Dork.So the leftist democratic party endorses these riots and Pelosi got what she asked for and still wonâ€™t take the deal leaving us losing our homes, business, money, lives, Cities being taken over and this bitch is on a photo shoot. You still think is here to help you? https://t.co/RxwtqFsdk1Got to love this stupid ass bitch who starts this shit and never responds to anything / she should of been swallowedThis has been debunked so many times, yet you still print the garbage lies. So sad. Now ya put this stupid broad on the cover. ğŸ˜‚ğŸ˜‚ The bitch probably can't even read the article herself! Don't be surprised when she's slinging drinks after her term is up! ğŸ¤£ğŸ¤£ğŸ¤£ğŸ¤£With apologies to Dan A., ""@AOC, you ignorant slut!"" Political ideology aside, a 1st term congressperson who is quoted using the terms ""motherfukâ€“ers"" and ""bullsh-t"" in the same interview... should go back to the bars where such low class language is better tolerated. Twit.YOU'RE A SORRY EXCUSE FOR A POLITICIAN AND A PATHETIC EXCUSE FOR A HUMAN BEING. THROW TEMPER TANTRUMS WHEN YOU DON'T GET YOUR WAY. PACK THAT BITCH!!You really are stupid arenâ€™t you. Itâ€™s not just an act, you are one dumb bitch. Ever heard of research?You are such a CUNT who doesnâ€™t know anything about economics.The baddest bitch there ever wasShit down and shut the fuck up! You want to â€œpack the courtâ€ because you Dâ€™s will try to win by any means possible. Youâ€™re the danger to our democracy! â€œWe the peopleâ€ will not stand for it! This isnâ€™t over yet you crazy bug eyed bitch! #TRUMP2020 ğŸ‡ºğŸ‡¸... Because until we can see how white men have taken advantage of sexism and racism for their own gain â€” how theyâ€™ve built their own â€œbrand,â€ the American brand â€” on the backs of the fucking bitches forever, weâ€™re not really reading a full story. https://t.co/4uRsAydlILIt's not a game. This is saying, in effect, that the person who disrupted the Trump Rally intends to continue to disrupt MAGA. is responsible for this and if someone, ANYONE, get's injured as a result of her pranks, they will mostly likely see that bitch in court. #KAGA2020.Invest in porkbellies, you fishy cunt.Sadly, women in power donâ€™t have a choice. Theyâ€™re already so scrutinized, and so subjected to the â€œangry nagging man-womanâ€ stereotype, that they have to restrain even the tiniest showing of frustration or dominance. But without being weak/submissive. Itâ€™s a 24/7 tightrope act.Wow! You're a classless bitch!Women are a YUGE part of the workforce, and I know facts don't matter to but they DO matter to and the #women who work in every profession in this country.Youâ€™re the dumb bitch. Speak facts or stfu!Let's be clear YOU ARE A FUCKING BITCH WHO IS COMPLETELY OUT OF YOUR DAMN MIND you owe everyone in #America an apology for impersonating a legitimate representative you and your #squad are the ass end of a bad joke https://t.co/A1XBSlglUzLove this &amp; her. Congress woman is one badass bitch &amp; we need more like her. ğŸ–¤Watch your mouth motherfucker. Have some respect that's a female and a Congresswoman. Dumb bitch.Prepaid taxes for 15 yrs? I think ur the dumb bitch! Look in the mirror before calling AOC names, you wish you had an ounce of her intelligence... your level of stupidity is remarkable! A good sheep ğŸ‘ following trump and all the lies he spreads clown ğŸ¤¡â€˜Motherfuckersâ€™ is too nice a word for them. How about cunts? Itâ€™s a dreadful word but suits them entirely. Sounds perfect when saying it in, say, a Scottish accent (itâ€™s used rather casually there): â€˜these cunts are only paying $750 a year in taxesâ€™. See? Much better.I love how people are mad because you dropped an f bomb but not mad at the 225k dead Americans. Fuck fuckity fuck fuck grow up itâ€™s a fucking word you puritanical cunts.For someone hailing from a culture that Americas fucked over for years, you sure are a brown noser. How can POC folk succeed if the system sets then up to immediately get thrown in prison? Explain that, BITCH.Apology is none!What kind of justice&amp;mother is ACB allowed to be paraded by con immature bunker boy who wants to take away healthcare in pandemic,children are parentless bc of him? Sheâ€™s an injustice bitch.Every female that doesnâ€™t think like the intolerant loony anti American left is a bogeyman for the democrats. They are the most vicious people you could ever meet if you donâ€™t think like them and they are getting more intolerant each day. ğŸ‘ğŸ»ğŸ‡ºğŸ‡¸Okay great its the law. Then EXPLAIN Mitch the Bitch blocking a justice for 8 MONTHS. Was it not the law then or you're just a piece of shit that only cares when it is a perceived benefit to you? Not actual even practice of law. Btw expanding the court is the law too.If a liberal was confirmed to the seat you wouldn't be talking about expansion of the court...that's called being a spoiled bitch trying to rewrite the constitution on points YOU specifically don't agree with. #bobulinsky #BidenFamilyCorruption #TrumpMeltdownbyliberals #MAGA2020You are a disgrace to America little whiny bitch doesnâ€™t get her way so she wants to change the rules that have been in place for 100â€™s of years. Let us not forget RBG got confirmed in 43 days lolMy girl friends and I call her the QUEEN Boss Bitch. Steady, well spoken, intelligent, classy, emphatic...and a role model to my teenager. #leadonAOC #QueenBossI think itâ€™s either by accident or to keep his base happy. He has no political ideology, just wants the crowds to go crazy for him. He is the neediest MF Iâ€™ve ever seen, why canâ€™t you suburban women love me, please like me! Such a bitchso not vote this Crazy Bitch back in!!!It would be glorious to see this orange cunt of a president lose Texas!A Nazi bitch coming onto twitter to tell me that theyâ€™re not literally taking away womenâ€™s rights, chasing people back into the closet, attacking people of color, and associating with dictators. But go off â€œpatriotâ€.@AOC is a true piece of shit. Sheâ€™s encouraged closure and laying people off. This bitch needs to be booted back to the bar. #terminateaoc https://t.co/A1tKnJzaqaThe republican party has just become the new mofia but remember karma is a bitch and she ain't playing with them , they price will be heavy, just look at the turn out at the pollsalright time to sic the baddest bitches in the world on b*rrett bc this is my fucking uterus im talking to you AOC,,, pls get this cult bitch outEveryone should just STFU and read your Constitution DJT is the President until a new President is sworn into office. Article II, Section 2, Clause 2, I suggest you read the Constitution and stop whining like a bunch of little bitches.Why didnâ€™t you tag you wimpy ass bitch? Afraid to have your ğŸ‘ handed to you?!And you do what you do because you and the fartbags you run around with are a bunch of racist bitches who most likely wonâ€™t be re-elected. Back to belly shots for youAOC is a dumb cunt who believes her own press. She thinks itâ€™s more important to be morally correct than factually correct. Well, dumbass, you canâ€™t be morally correct unless you have the facts. And your stupid ass ignores the facts. Eat a dick, or some lead. Either one.Be a cuntWomen donâ€™t blindly support women whose values and motives are out of whack. Comey Barrett has a vendetta against all women. She will take away our choice, along with healthcare rights for Americans who werenâ€™t born lucky like her. Sheâ€™s not a woman who warrants respect.Also, it doesn't matter who's in that fuckin office bro, medicare for all isnt happening unless a mass revolt happens. U can play ""among us"" with that sellout cunt all day. It ain't happening ğŸ’…ğŸ’…ğŸ’…ğŸ’…ğŸ’…ğŸ’…ğŸ’¯Why are you a disgusting cunt??Who listens to this bitch?I was told due to my spinal issues I can't have kids without becomeing paralyzed or dying. My periods are so painful I'm stuck in bed for a week. Being a female already sucks and men an bitches like that Amy chick want to make life not worth living anymore. It's pointless.nah youâ€™re just a fucking pussy whoâ€™s too scared to see how shit your beloved country has become. you can love your country and be critical of it.Donâ€™t believe like us and we wonâ€™t support you...this mentality takes â€œwomenâ€™s rightsâ€ back 100 years. First, womenâ€™s independence, no more patriarchy, you donâ€™t need to think like your husband...But you will think the same as us or else. Itâ€™s bullying and bigoted.You mean like the whiny bitch you call president who ran away from an interview because the mean lady was asking him questions that anyone with any sense and dignity would answer? Or like the evil monster Mitch McConnell who changes runs to suit him and the filth in Congress?Even CNN has been hammering Pelosi 4 not pushing thru the relief package. Trump basically gave her the win, said push it thru and we'll sign it. She STILL wont. Its disgusting how ruthless the woman is. Shes playing with LIVES here and no one wants to hold her feet to the fire.That old bitch Ginsburg should've retired under Obama, and gotten replaced by a Liberal or Progressive justice, but instead let her ego fuck you all over. Get fucked, bitch, cry harder.I hope you get this AOC. First off FUCK THAT KENTUCKY FRIED RAISIN TURLTE BITCH MCCONNELL!! Ok so now they got who they wanted in the supreme court so now you please tell them to stop fucking around and help the millions of us who are hurting and give us the money we need now?!i for one would feel much more adequately represented by someone who actually worked at a job i think deserves respect like a bartender than i would by some rich cunt with a law degree that costs more money than i'll ever see in my life.the dumb cunt didnâ€™t even know the 5 freedoms of the first amendment &amp; youâ€™re trying to say sheâ€™s qualified. a bigger clown.Stupid little bitch....your party has turned the court into a shit show and the Republicans finally took it back. You are a total communist pig!Nothing but a bunch of cuntsYouâ€™re a dumb bitchYou dumbass bitch.Are kidding me, the Republicans have and never had the balls to play the Democratic below the belt games. Then came along you has a set of ginormous stones. So stop it you dumb ass bitch!!The democratic party is a bunch of whiney ass bitches. Now you didn't get your way or win so let change the rules. Grow the fuck up . We the people voted Trump to do his job and he has and so did the senate . Yay America.But it's not? Barrett has never judged a case. That is a fact. Gorusch did in fact pen that the man terminated for choosing to not stay and die in the cold was not terminated illegally. And Kav did in fact cry the sentence ""WE DRANK BEER, I LIKED BEER"" like a lil bitch.Only when itâ€™s left wing liberal cunts, of course! ğŸ˜‚ğŸ˜‚ğŸ˜‚You dumb bitch. A Supreme Court shouldnâ€™t reflect anyoneâ€™s will. They are there to apply the constitution, not to be a political arm to enact or enforce flawed legislationI knew the biggest Petulant Corrupt Socialist Democrat bitch would say this! The Squad wants to destroy our Republic and create their socialist dictatorship to take complete control of our government and our freedoms! These people hate Liberty For All!!!Ok, right after Trump wins letâ€™s pack the shit out of the court. Is that what you want. Stop being a bunch of whinny bitches and letâ€™s try to work together. Until Washington comes together, nothing will be solved.Fuck this cuntYouâ€™re an ignorant cunt that has no business being in your position.No you won't, you guys are a bunch of trailer trash pussies. All you will do is whine and take it like a bitch.Pack the court you stupid bitch and you will start a civil war.She is also a prize bitch who will fuck up your daughters and granddaughters chances!Admit it. You want the last word. I'm not trying to control you. I'm not trying to prove anything. You, in your tweets, are proving yourself to be an insensitive, depraved, morally bankrupt bitch claiming to have the moral high tower because you vote Democrat. I won't take it.The Supreme Court varied in number from 5 to 10 justices from 1789 to 1869, you lying Republican shitstain. It had 7 justices in 1820, 200 years ago. The goverment is supposed to adapt with a changing country, but you're too busy be historical revisionist cunts to care.Stick to being a twitch thot. Its befitting of someone of your intelligence.This traitor makes just like Maduro's dictatorship, the Castro and Podemos in Spain. If the things are not just like they want, they change the system. Now this crazy bitch, want expand the number of judges of the Supreme Court just to make more leftie and commie the justiceYâ€™all are a bunch of pussy ass bitches! just take your Lâ€™s and move on.You are a diabolical evil socialist bitch",176
17,583510k,2022,Ilhan,,Omar,Democrat,Congress,U.S. Representative,MN,Black,Minnesota,0.1006704953922731,0.5679097728509597,5.0,Ilhan Omar,https://twitter.com/IlhanMNÂ ,IlhanMN,Democrat,"get out of our country you ungrateful bitch!!! TRUMP 2020!To you, a pervert, every woman has lust in their eyes. It's how you dehumanize them, put them in 'their place'. You just can't stand the thought of powerful women, especially women of color. What a pitiful creature.You donâ€™t know the meaning of LOVE!! Lust maybe!! Youâ€™re disgusting &amp; you are nothing that embarks the pride &amp; integrity of being an American!! God will have no mercy on your soul because you donâ€™t deserve it! Rot in hell you evil bitch!MAGA baby, IBLIS weather satanic or not. Who gives a shit. ITS MAGA TIME. The G.O.A.T Or MR. PRESIDENT TO YOU DISRESPECTFUL BITCHES IN IHAN OMAR'S DISTRICT.Those some cunty lil bitches right there, I feel dat energy doe. Keep it ğŸ’¯ you fine ass bitchesğŸ¤£ ğŸ¤£ ğŸ¤£ a few hundred you fool! Keep your hate Anti American, and Anti Israel squad bitches just like you! We don't want you or them.. Get realYouâ€™re all a bunch of whoresYeah well we hate that big mouthed Bitch!!look at these communistic cunts!!! i hope they end up in hell.Hers is not the face of America, and in no way does she represent the values we hold most dear as Americans. She is a globalist sycophant, a tyrant who wears her hijab in defiance of the American Way.IF HE HAD DROPPED THE FUCKING KNIFE LIKE HE WAS TOLD, HE WOULD STILL BE ALIVE!!!! Stop being a stupid cunt spreading bullshit propaganda!I believe the motherfuckers need to start acting like the masculine grown up men they always claim to be and stop losing their shit and becoming big damn cry babies every time you, progressive and powerful women who ainâ€™t their knocked up mistresses open your mouths.Who marries there brother and tryâ€™s to rip off the government? You are a sick bitch!Yea but she gives the best dome ever dude. Your MA is a dirty little slut. The entire neighborhood loves taking turnsOh look if it isnt the cunt that married her brother.No, we want to limit YOUR influence, you ungrateful, hateful bitch! Those of us who work and pay taxes paid your subsidies when you immigrated here. Now you have the audacity to hate on America? Go back to where you came from, fraud!With the hateful trash that has come out of your mouth, don't you DARE call 44-46% of the US population a cult. You hateful and ungrateful bitch! It's those of us who actually worked and paid taxes that gave you opportunity!fuck you cunts!!!They arenâ€™t driven by Trump. They are, at least evidently, driven by their crazy ideas that existed (At least within their groups) before Trump (and that Trump doesnâ€™t even understand or care about, being the lazy bitch he is)When Trump wins, maybe the SC should be expanded with 4 more constitutionalists. ğŸ˜‚ watch all you little bitches cry. Americans love the President, Republican Party, and the Constitution. We despise elite leftists who are corrupt like you.So you donâ€™t get your way so you have to change the rules? You all are a bunch of whiny little bitches. GTFORead the Constitution, you ignorant Marxist bitch. Maybe Somalia didn't have one. Here in the US, we have a Constitution, and Senate Republicans followed it! GTFO OH, you brother-marrying, corrupt, cheating, scam artist.â€œWith their corruption and hypocrisyâ€ what a lying bitch you are. Letâ€™s talk about your brother.. I mean your husband. Letâ€™s talk about the mail in voting fraud you are linked too. Letâ€™s talk about the money you are giving to your brother..sorry your husband firm.This bitch shouldn't be allowed to call anyone a extremist...One reason pure democracies donâ€™t work at scale is because different places have vastly different cultures and values. You wouldnâ€™t want rednecks in Kentucky to make all the laws and be forced to abide by their values. https://t.co/fWcm461eXB this video is the other reasonAdmit it. You want the last word. I'm not trying to control you. I'm not trying to prove anything. You, in your tweets, are proving yourself to be an insensitive, depraved, morally bankrupt bitch claiming to have the moral high tower because you vote Democrat. I won't take it.",26
18,583510k,2022,Ilhan,,Omar,Democrat,Congress,U.S. Representative,MN,Black,Minnesota,0.1006704953922731,0.5679097728509597,5.0,Ilhan Omar,https://twitter.com/ilhan?lang=enÂ ,ilhan,Democrat,"These four women want to transform our gov to be a socialist gov. They want it so that there is no competit-everyone gets a prize, no profit/loss everyone makes the same, no diff in price-they all charge the same, no one gets ahead except the government bec they own everything.",1
19,158725k,2022,Nancy,,Pelosi,Democrat,Congress,U.S. Representative,CA,White,California,0.3606229275088625,0.0063638156681798,12.0,Nancy Pelosi,https://twitter.com/SpeakerPelosiÂ ,SpeakerPelosi,Democrat,"There once was a woman named Nancy/everything she owned was fancy. Her empathy for the people was fake/like her idol, â€œlet them eat cake!â€ Now food and rent is dire/when will this evil bitch retire? #DitchMitch #PuntPelosiYou don't give 2 shits about us or the corona, you just a money-hungry power-grabbing old bitch.Nancy, you are a greedy, drunken, bitch. You have the audacity to show your freezer full of designer ice cream, while people are losing everything. You ok'd a raise for all of you overpaid, senile Representatives that don't represent anyone but your gluttonous selves.I know you will never see this but I just HAD to write. You, nancy pelosi, MUST BE the most insincere, unscrupulous, lying, bitch to have ever left a footprint on this planet. If you only knew what awaits you after your death. It terrifies ME to think about it.And yet you believe the woman who said ""You need to vote on the package before you find out what is in the package"" on the ACA when Barry was in power. No offense but leftists are full fledged morons.She such a fake ads lying bitch. I've read every bill that she wants to pass. They all had bailout of Democrat States &amp; cities before the pandemic. She wouldn't sign a Bill that wad just $ for every ğŸ‡ºğŸ‡¸ &amp; help to small business only for $500 billion. If she cared so much?this is just one of the MILLIONS of people out there. Letâ€™s light this fire and watch it burn until our ENTIRE government either A- gets off their GREEDY and financially secure asses and helps the AMERICAN PEOPLE Or B- we burn this BITCH DOWN. ....You lying BITCH! You will have to take the results of the election as you will be retired and THEN hopefully indicted.We need this old bitch out pleaseAre you going to accept the results if the 2020 election? Cause you still haven't accepted the results of the 2016 election. You are the last Cunt in the world, next to that should be giving out political advice. #stfujust wanted to tell you that you are a bitch. You should of been removed from office when you destroyed the state of union and pursuing impeachment on non impeachment made up reasons. You and the other democrats are guilty of covid taking over.Lying ass bitch. You do nothing unless YOU and YOUR CRONIES benefit from itYou both are clueless bitches looking for a paycheck! Take care of the every day people!The truth is, you're an ugly lying bitch and should never hold a political office ever again.This whole thing is your fault and you still have audacity to point a finger. Your all or nothing approach to the stimulus is the problem the country is facing. You had a deal, but no, you greedy bitch. It was all about your political agendaStop lying Nancy... after all, you were against the travel ban and I believe you were in Chinatown encouraging people to not worry. Stop being a bitch and help pass the republican COVID Bill.Nancy Pelosi is a bitch!!! She doesnâ€™t care about the people of this country. She only cares about power! I canâ€™t wait for her ugly ass to be dethroned!!!The fact &amp; truth is: you are an alcoholic bitch that has turned your back on our country. #Trump2020Fuck all of you people in Washington. Go take your two month break while Americans suffer. Bunch of bitches that can't get a deal done. Maybe none of you will come back after your vacations. America will be better off.youâ€™re on blast! Stop holding up the bill you drunk bitch. I saw the video of you drinking and then acting drunk as fuck and not understanding what people are saying to you. https://t.co/NY5N38GJvNNancy everybody knows you lie remember the San Francisco salon remember those cages you try to blame the Trump administration for but really they came out of your buddies armpit the former President Obama you are a sick sick ladyâ€œBitch â€œGoddamn Nancy Pelosi you are a stupid drunk bitch. America would be better off without scum like you in power.This bitch is wildin, fuckin trash get her out of there she just as bad as trump and creepy joe. They all suck none of them care about the american people the last 6 months plus proves it. We are all fuck tarts for thinking they care.Which this bitch shoves you in a socialist city and takes 80% of your money in taxes then you will regret following the pied piper.Sickening how we Americans are last on the list. So sad. How did the country come to have this lady dictator. Who the hell put her in charge anyways she acts like she is President. Vote her out impeach the old bitch or something. She makes me illYeah but it was OK for you to rush that supreme court justice through wasnâ€™t it? You and your party are thugs and crooks and donâ€™t give a shit about American people. Karma is a bitch.Stop defending that crazy old bitch. I blame them all but she's every bit as bad a Trum. Probably most definitely quite possibly worse. LIKE WHAT I did there.YOU ARE ONE DECEPTIVE BITCH. YOU NEED TO PUT OUT A BILL THAT IS FOR COVID AND NOT A FUCKING LIBERAL POLICY WISH LIST. IF PEOPLE ONLY HAD THE SENSE TO VERIFY WHAT YOU ARE DOING, YOU WOULD BE SCREWED BECAUSE YOU ARE A LIAR!ğŸ˜‚ğŸ˜‚ğŸ˜‚, Pelosi and honest definitely donâ€™t go together. Sheâ€™s nothing but a corrupt lying bitch.Sheâ€™s nothing g but a lying bitch!!Nobody cares about your stupid comments. Youâ€™re nothing but a lying bitch.A independent...who may still vote for Trump. I wouldn't be associated with any party that's stupid enough to have as it's leader! That Bitch has caused more harm by her delays than anyone not wearing a mask has done! Fact is Washington is not a swamp but a sewer.I'm about to lose everything you fucking cunt! Do your fucking job and help us. If not a civil war is the only way to get rid of your evil ass!Your a communist. Plus your getting senile. Retire you corrupt 80 year old bitch.This horrid bitch has spent Trumps entire time in office trying to get rid of him, instead of doing her job. Apparent now more than ever.Donâ€™t pretend like you care. You are a cunt who doesnâ€™t give a shit about the American people. We need help and you are doing nothing to help anyone!Look here... this stupid bitch NutCase Nancy has the balls to wag her finger and blame everyone except her high heinous self for this failure. The rest of us didn't get any financial aid while this bitch played games! https://t.co/fJFjTefreYFuck you Nancy you cold hearted whore. Youâ€™re a fake terrible person and are the worst of the worst politicians. You donâ€™t care about American people. If you did you would give them their stimulus checks they so desperately need. #voteherout #uselessFuck you Nancy you cold hearted whore. Youâ€™re a fake terrible person and are the worst of the worst politicians. You donâ€™t care about American people. If you did you would give them their stimulus checks they so desperately need. #voteherout sheâ€™s uselessFuck you Nancy you cold hearted whore. Youâ€™re a fake terrible person and are the worst of the worst politicians. You donâ€™t care about American people. If you did you would give them their stimulus checks they so desperately need. #voteheroutDam. Keep spilling beans on sketchy DNC &amp; RNC congress members. Paybackâ€™s a bitch &amp; her stripper name is Karma. #TrumpPence #fundthepoliceTo be s waste land People will be scared to.go outside, and stay in their houses. We are now getting back to the soup lines and dust bowl like the movie the grapes of wraths. Trump got people that Joe has people in the streets with guns. Aint that a bitch.Send the money Nancy, you heartless bitch! You don't care about us at all!STOP BEING A STUPID HEARTLESS BITCH AGREE TO A SMALL BILL FOR JUST STIMULUS CHECKS AND UNEMPLOYMENT THEN WORRY ABOUT THE REST PUT THE PEOPLE FUCKING FIRST FOR ONCE IN YOUR SPOILED LIFE!!!To break it down. Nasty Nancy does not care what party you belong to. She hates you and doesn't care if you suffer. She is playing politics to hurt and blame Potus although it is not his fault. Pelosi is an insufferable drunken bitch and MUST be removed.Easy for this bitch to say say sitting ğŸª‘ all comfy in her mansion with her ğŸ›¥ outsideBoy you look stupid now ğŸ˜‚ğŸ¤£ What was that you said ,' It won't be February""! Liar..Liar... pants on ğŸ”¥ ğŸ˜‚ğŸ˜‚ğŸ˜‚ Stupid hard headed Bitch! Just like I predicted.. you're not capable of getting it done.You both are some privileged ass little bitches that donâ€™t give a flying fuck that some people out here donâ€™t know if theyre gonna be able to eat in a few weeks.Nancy you aren't fooling all of us. This letter looks like you're trying to cover your ass so it doesn't look like to you're the one blocking the stimulus. Lol Trump flat out offered to pass stimulus for the people by itself to get us help asap but you're a narcissistic bitch so.TERM LIMITS... I can't help but notice in the 30 years you've been in office, you have gotten richer and your district has gotten poorer. History will remember you as a con woman who extorted the american public.Why? You aren't doing a fucking thing for the American people! Hope you rot in hell you selfish bitch!This Lying Bitch has been sitting on â€œ her â€œ $2.2 Trillion Dollar Stimulus Bill since September , â€œ her â€œ $2.2 Trillion Dollar Bill !! This Drunken Criminal has REJECTED EVERY Stimulus Bill Congressional Members Provided for her Approval !! Buckle Up you Drunken Criminal !! https://t.co/3M3XlT9w7NShe is such a lying bitchSo this BITCH is seriously saying Trump is undermining our elections?!! So the shit show impeachment scam is not considered undermining our election right? DRUNKEN NANCY how many times have you tried to get him out since heâ€™s taken office? You lying bitchYou are a disgusting power hungry old bitch. Look what your San FranCICO district turned into. Regardless of the election results this is your last term as Speaker of the House. The nation will be able to breathe a sigh of relief.What a lying CUNT.Ground Hog Day with this stupid Bitch!The question is whether you bunch of bitches will take the results like a man if he wins, or will it be a repeat of fucking tantrums for the next 4 years like you did the last 4?Iâ€™ve got to hand it to you Nancy, youâ€™re the biggest bitch Iâ€™ve ever met in my life!pelsoi you and your puppets have underminded Our Constitution broken laws and done all kinds of other things but democrats are above it all your such a hypothetical bitch and you need to be removed nowMaybe more people would like you if you actually were for the people and their best interests instead of being a snobby, greedy bitch! Do your job!I donâ€™t believe you morn with any one! Your a lying bitch and donâ€™t care about any of the American people!Nancy you are fucked up in the head you know that? You could have accepted 1.9 seriously Nancy? You didnâ€™t want a deal all along you two faced fucken Bitch go fuck your self no one will ever trust you again!!Pelosi Games. She never intended a stimulus before the election. If Trump loses, she'll wait until January 20th for a massive bill with Democrat pork. They will need the Senate. This women is despicable.The best thing you can do for the country is stop being a bitch, sack your plastic surgeon and then retire.What a fucking liar. You fucking imbeciles just cannot quit lying. Thatâ€™s ok. Thereâ€™s only a few more days till the election you evil fucking cuntYouâ€™re gonna have to step up the voter fraud, you were a little skimpy in 2016. Cost another old, crooked bitch in the Democrat party the position she said she was born for. ğŸ˜‚CAN SOMEONE TELL THIS CLASSLESS HYPOCRITE BITCH THAT SHE &amp; HER DISGRACEFUL COWARD FRIENDS HAVE NEVER ACCEPTED THE 2016 ELECTION IN WHICH 65 MILLION AMERICANS LEGALLY VOTED FOR OUR PRESIDENT TRUMP &amp; SHE HAS SPEND 4 YEARS LYING, MAKING UP HOAXES TO COUP HIM.GET F**KED YOU CORRUPT LYING BITCH !!!!! You donâ€™t know a real man YOUR GOING DOWN WITH THE REST OF THE DEMON RATSAMERICAN PEOPLE hates Pelosi you are a arogent bitch you dont like the outsider wont go along all you wicked sick minded Politicians wicked games Pelosi doesnt care about the people i pray your seat is up for election because i promise its gonePelosi is so full of ğŸ’©; What she really means is that she ainâ€™t getting her way to siphon money off to cities that allowed protesters to destroy their cities for their repairs... the woman is so corrupt.My wife says I canâ€™t cal you, Nancy Patricia Pelosi, a cunt so Iâ€™ll respect her wishes and just call you a bitchItâ€™s ok Mitch the bitch just rammed through a judge worked tirelessly days and nights to get her in, then decided he needed a little break till nov 9 th and let the American ppl suffer some more ğŸ˜¡ he needs to go !Show some pics of YOUR supporters, Nancy! You &amp; your cronies no doubt have something up your sleeve that has you so convinced of a Biden win. Get lost you crazy Bitch! CA is starving &amp; has been starving long before Trump! Oh &amp; btw...your San Francisco is a cess pool thx 2u! https://t.co/NjIYfhnJ52I know. I have never seen it like this. The naked prostration of the media to power. The elite have assembled a hierarchy of whores to serve them.All this crazy bitch is saying, is that they will cheat days after the election and claim Biden is the winner. Her, the rest of the Dems, and the media have been pushing this bullshit for months because they know Trump will win in a landslide and all the want is their power back.youâ€™re a cuntfolks letâ€™s letâ€™s get that whiny little bitch out of our 747 - vote his fat ass out of office.prefers â€œ a whiny little bitchâ€Common with the BS Nancy Botoxy bill ARE a Full Of sh*T as she is. PORK and BS. This country is DOOMED if THESE LYING BASTARDS win this election. And These Media Moguls Better make THEIR MONEY FAST so thye can GET OUT of THIS HELL HOLE.You are a lying bitch you wanted raises for all your friends, boohoo those mean republicans said no the people need money more, so YOU refused to negotiate and if the republicans keep the senate you still wonâ€™t get all your raises, FAMILY S NEED TO COME BEFORE YOUR RAISES SORRYLol, like they did? , you ignorant slut.Our president more worried about campaigning and fighting allegations of corruption every other week that he canâ€™t see people are dying. Like get real &amp; stop being such a bitch. U finna piss me off too. I hate Democratâ€™s &amp; Republicans.Because she offered 3 trillion, republicans said no, then she caved to republicans and lowered it to 2 trillion and she wonâ€™t go lower because democrats are pussies and donâ€™t fight for shit so the one time she actually stands for something people shit on herQuit being a cunt and approve this damn stimulusshut up you drunker bitch you've lost even the veneer of credibility so just shut up acting like you're the innocent one all bureaucrats are never innocent I got supper cover their ass stuff in their pockets and do enough to look good.Nancy Pelosi might be a silly democrat and we might be stupid anarchists but we are both antifascist. It's not that she is completely right or that we agree with everything she says just cause we share an common enemy. But, she is definitely a bad ass bitch!Is this bitch crazy !!! Smh she doesnâ€™t care about the American people blood is on your hands !!!!! https://t.co/Nm5RdF4eiJThat rancid bitch dont care about anyone but herself and her 200 million dollars! Why dont you ask how a public official got so rich with no business!You are by far the dumbest bitch I have ever came across besides Pelosi. Clearly you did not see Pelosi's bill because nothing in her bill helps the American working classThat bitch is part of the reason we are still in quarantine. If they'd just hunkered down for a month we would be back to normal. But they wanna whine and blame everyone else, who they could care less about.Who the hell lied to you ?nancy pelosi hasn't done a damn thing but be the greedy selfish bitch that she is.i guess you like getting like that huh?You are the bitch of all bitches. Dry up and blow away. Take your seat in hell because that is were you are going.Paid leave. WHAT THE FUCK ARE YOU TALKING ABOUT? YOU HAVE TO HAVE A JOB TO GET PAID LEAVE, OR HAVE YOU FORGOTTEN THE PANDEMIC HAS LEFT MILLIONS UNEMPLOYED. YOUR PRIORITIES ARE TRULY FUCKED UP. YOUR JUST AS RESPONSIBLE FOR THIS FUCK UP AS BITCH MCCONNELLYou're a evil bitch while you insist on a perfect deal you are starving your own people that you claim to fight for. They are losing everything and resorting to suicide in some cases you nasty POS. Pass the stimulus package #stimuluschecks NOWMark Levin: Pelosiâ€™s Unhinged Meltdown Shows Just How Much She Hates Ame... https://t.co/yeTdT62Dxi via Oh this is so good!! She's such a power hungry bitch!So taking away their means because youâ€™re a scared little bitch makes you smart?You are a dumbass bitch if you believe that! You must be a Trump supporter. Pelosi &amp; the Democrats passed a relief bill that would help All of us but dick stain Trump &amp; his GOP shot it down! GO Put Blame where it deserves to be the Trump administration!piss off! So sick of your bullshit! Help people in need already! Your holding everything up because your a petty bitch!Why donâ€™t you just piss off, your an old hag and you should not be allowed to open your mouth, not to mention you should be ousted from Congress. Your day is coming! Trump 2020Fuck you , you lying bitch!!What about this stimulus package that should have been done months ago ! Iâ€™m a Democrat, but I donâ€™t agree with the way your handling this! People in America are losing everything! Stop being a bitch and settle this !This is how clueless you are. People are starving and your depriving them relief because of your agenda of political pork in a bill that would help and your worried about having internet. You dumb bitch go away will you. I hear nothing but stupidity coming out of that pie hole.While cases of covid rising, unemployment rates increasing and an estimated 19-23 million ppl at risk of being evicted!! These soulless cunts and are playing the blame game and acting like children rather than providing assistance to Americans.. smhNo, we are voting this crooked bitch Nancy Pelosi out. She had months to make a deal and is playing politics with aid people desperately need.You stupid fucking bitch. Because you dumb rich fucks canâ€™t agree to shit, I barely have any fucking money to feed my God damn family you fucking harpy. I pray to whatever God there is that you experience only the worst this world has to offer and you burn in hellSad the majority of Americans are facing hunger and eviction. Yet Congress does nothing? Mitch the ""Bitch"" McConnell, Lindsey ""Graham Crackers "" are guilty of ignorance of oath of office. Self serving bastards. Who does this and claims to serve the people?Thanks for being a cunt, many Americans appreciate the help you never gave them. You made me like Trump because you're way more childish and don't deserve another term as a speaker.thatâ€™s all wrong itâ€™s that goofy bitch named pelosi that wonâ€™t make a deal get your facts straight!See pissed because Trump wonâ€™t bailout the Democratic cesspool states ran by democrat I should know I live in oneDemocrat can only piss money away like giving healthcare 2 illegalsThe Democrats have been a blur the small business for years shut the hell up you old and crippled bitchAnd you're trying to jam a 2 trillion dollar give away to failed States, bankrupt pension funds and illegal aliens! Bite me you selfish, power hungry, hypocritical bitch! You can't even clean up your own district who thinks you could even attempt to do what's right for America! https://t.co/MBWckUNa1TDemocrats fighting to prevent giving Americans relief otherwise you would have worked with The President you hate filled, lying bitch. We will vote you out and take back The house from you ignorant Democrats.And you live where that is better? Your either a bot or just a dumb bitch.Reply and tag your congress person. Tell that this partisan bickering is not helping the people government has fucked over this year. Quit being cunts and get the bill passed. #stimulus #EconomicRecoveryPlan https://t.co/hK3PF07zn7don't have the balls to pack the court. It will be ""blah blah bipartisanship"". and are a bunch of pussies. They won't do shit. I am so tired of their piss and wind. ""Bipartisanship"" is code for turning bitch for Repubicans.AND YOU DID NOTHING TO STOP IT YOU USELESS OLD HAG!!!! You should have impeached Barr, THEN Trump the SECOND they announced ACB'S name. But you WANTED this outcome. Vote this bitch out. Vote He'll ACTUALLY fight for you.You reek of Supreme desperation, you pickled old bitch! Youâ€™re a sad excuse for a Speaker, but a glowing example of a need for TERM and AGE limits. Perhaps also sobriety tests!? Sign the God Damn Bill, you lush!You need to just stop and allow atleast stimulus checks to go out. All you think of is yourself. Your a lonely bitch that has basically murdered many American people. How does that feel ?Today donâ€™t think@of yourself and think of the American people. DO IT !!If anyone threatens America its you! Craming junk that doesn't belong in a bill that should be virus related only! You greedy rich bitch! We are loosing our homes and you are playing games! At least give us unemployment extra and stimulas!We shouldnâ€™t have to go to a food bank people this is America! This bitch sits high and mighty on tax dollars! This is our money! We shouldnâ€™t have to pay it to people we canâ€™t stand! Government is to big and expensive!Listen you lying Fucking Bitch, You are the one, had to pass the Fucking ACA before you knew what was in it. You pass it in the middle of the night hindering Republican votes. You lied, Obama lied, Creamer lied and Gruber called the American voters idiots. Go Fuck yourself Nancy!Youâ€™re a dumb bitchâ€œWe need to confirm the justice in order to find out whatâ€™s inside the justiceâ€ Said a batshit crazy woman when she jammed through an unworkable health care law. Karma is a bitch.And yet you feel the need to keep responding like the dumb bitch you are. Move on, ho. Donâ€™t stay stuck on these nuts.Its 5pm Somewhere You Boozed Old Dried Up Slut!!!The people donâ€™t get to vote for SCOTUS you dumb Bitch. The Senate does. Read the fucking Constitution! Jesus Christ you people are stupidYEP cc: We're tired of you FUCKING AROUND. Always, always with the fucking around, you All Talk No Walk Assholes. I KNOW YOU DON'T LIKE GETTING MESSY, BUT TAKE OFF YOUR BLINDFOLDS, BITCHES, WE'RE KNEE DEEP IN A POOL OF COCKROACH INFESTED DIRT-BLOOD.Help the people....pass a negotiated covid relief bill. Your the cunt holding it up.SHUT THE FUCK UP AND FUCK OFF YOU CRAZY LYING BITCH!Y y y !!!!!! Canâ€™t you help us the American people something is better than nothing you all have played games you do not care about the American people or you would have done this . Do you even know what these poor people are going through you vindictive bitch get over your selfHey Pelosi. You arrogant hatefilled bitch. The presidentâ€™s term is for four years. Not three and a half. Elections have consequences. You say leave it to the voters? The voters put him on office in 2016 for this very reason. It was all legal and constitutional.Get something done already!!!! You just bitch bitch bitch!!!! How long do you want us Citizens to starve and not be able to pay bills? All the while you and the other fucking politicians eat at fancy ass restaurants?!?!?!? Do the job you were ELECTED TO DO!!!!!!!!Right?! Sheâ€™s fucking useless too. I swear to God I want to vote every one of these old bitches out.Stop being a feckless cunt! We are on the verge of starving and you keep moving the fucking goal posts! At this point, it's not the Republicans that are stalling IT'S YOU! https://t.co/KhfrFJRifTyou bobble headed ass bitchYou dont give a shit about people idiotic bitch take a walk around your district and tell us you care about the people. Wrong you care about you the wicked witch of the west. Go to hell.",136
20,247560k,2022,Elise,M.,Stefanik,Republican,Congress,U.S. Representative,NY,White,New York,0.7596498462230504,0.735608941907444,21.0,Elise M. Stefanik,https://twitter.com/repstefanik?lang=enÂ ,repstefanik,Republican,Fuck you and that stupid ass bitch!,1
